<assembly
		xmlns="http://maven.apache.org/plugins/maven-assembly-plugin/assembly/1.1.3"
		xmlns:xsi="http://www.w3.org/2001/XMLSchema-instance"
		xsi:schemaLocation="http://maven.apache.org/plugins/maven-assembly-plugin/assembly/1.1.3 https://maven.apache.org/xsd/assembly-1.1.3.xsd">
	<id>snippets</id>
	<formats>
		<format>zip</format>
	</formats>
	<includeBaseDirectory>false</includeBaseDirectory>
	<fileSets>
		<fileSet>
			<directory>target/snippets</directory>
			<outputDirectory/>
			<excludes>
				<exclude>stubs/**</exclude>
			</excludes>
		</fileSet>
	</fileSets>
</assembly>
